food_type,shop_count,avg_price
海鲜,404,188.0
日料,829,176.0
私房菜,206,165.0
西餐,578,146.0
自助餐,301,126.0
火锅,1253,110.0
韩国料理,495,98.0
粤菜,692,95.0
东南亚菜,406,87.0
本帮菜,414,85.0
烧烤,726,70.0
川菜,826,67.0
新疆菜,99,63.0
素食,89,57.0
湘菜,478,56.0
咖啡厅,391,41.0
面包甜点,407,32.0
面馆,597,26.0
小吃快餐,809,23.0
