food_type,shop_count,avg_score,avg_price
火锅,1253,4.01,110.0
海鲜,404,3.95,188.0
日料,829,3.95,176.0
粤菜,692,3.94,95.0
私房菜,206,3.91,165.0
新疆菜,99,3.86,63.0
东南亚菜,406,3.85,87.0
自助餐,301,3.83,126.0
面包甜点,407,3.83,32.0
烧烤,726,3.81,70.0
咖啡厅,391,3.79,41.0
西餐,578,3.78,146.0
素食,89,3.78,57.0
本帮菜,414,3.77,85.0
韩国料理,495,3.77,98.0
川菜,826,3.74,67.0
湘菜,478,3.71,56.0
面馆,597,3.61,26.0
小吃快餐,809,3.56,23.0
